{
  "experiment_config": {
    "img_size": 64,
    "n_way": 5,
    "k_shot": 5,
    "n_query": 5,
    "test_episodes": 200
  },
  "cnn": {
    "best_val_accuracy": 0.6883333333333334,
    "final_train_accuracy": 0.68,
    "novel_accuracy": 0.007142857142857143,
    "train_acc_per_epoch": [
      0.11583333333333333,
      0.22541666666666665,
      0.28791666666666665,
      0.3254166666666667,
      0.37125,
      0.39375,
      0.4033333333333333,
      0.42833333333333334,
      0.46041666666666664,
      0.4533333333333333,
      0.52625,
      0.5266666666666666,
      0.5391666666666667,
      0.5475,
      0.5441666666666667,
      0.55375,
      0.5666666666666667,
      0.5570833333333334,
      0.5820833333333333,
      0.5883333333333334,
      0.5916666666666667,
      0.6241666666666666,
      0.62375,
      0.6216666666666667,
      0.6241666666666666,
      0.6225,
      0.6491666666666667,
      0.6433333333333333,
      0.6495833333333333,
      0.65125,
      0.6558333333333334,
      0.6754166666666667,
      0.67625,
      0.6620833333333334,
      0.6691666666666667,
      0.6925,
      0.6920833333333334,
      0.68
    ],
    "val_acc_per_epoch": [
      0.285,
      0.31166666666666665,
      0.3933333333333333,
      0.41,
      0.45,
      0.47,
      0.52,
      0.4866666666666667,
      0.5233333333333333,
      0.5183333333333333,
      0.57,
      0.55,
      0.5966666666666667,
      0.5933333333333334,
      0.595,
      0.5683333333333334,
      0.59,
      0.625,
      0.6216666666666667,
      0.6216666666666667,
      0.635,
      0.6583333333333333,
      0.6216666666666667,
      0.6216666666666667,
      0.66,
      0.6516666666666666,
      0.6616666666666666,
      0.65,
      0.6883333333333334,
      0.675,
      0.68,
      0.6816666666666666,
      0.655,
      0.6683333333333333,
      0.6583333333333333,
      0.6616666666666666,
      0.675,
      0.6683333333333333
    ],
    "val_loss_per_epoch": [
      2.516304251352946,
      2.2818067200978596,
      1.9192781050999959,
      1.8170896609624227,
      1.7031793403625488,
      1.6611453835169474,
      1.5335361893971762,
      1.530572239557902,
      1.5227692953745524,
      1.4454141267140705,
      1.2592296846707662,
      1.31407630443573,
      1.2209268856048583,
      1.2314365371068319,
      1.1958018080393473,
      1.2188154864311218,
      1.2046293767293295,
      1.1823839052518208,
      1.1508315587043763,
      1.130200363000234,
      1.1331443937619528,
      1.121080625851949,
      1.1288247124354045,
      1.089743668238322,
      1.0799665188789367,
      1.0407991886138916,
      1.0541688466072083,
      1.093552171389262,
      1.0326494733492533,
      1.0140992069244386,
      0.9946869897842407,
      1.017089262008667,
      1.0055035392443339,
      1.0285946051279704,
      0.9992267004648845,
      1.0074755509694417,
      0.9998011604944865,
      1.0033422716458638
    ]
  },
  "prototypical_network": {
    "mean_test_accuracy": 0.8293999782204629,
    "ci_95": 0.013240985503369539,
    "random_chance": 0.2
  }
}